Time, X, Y, Z, Rotation, isSick
34.02,1.787739,-1.192093E-07,1.152915,14.80957,0
34.5039,1.787739,-1.192093E-07,1.152915,14.80957,0
35.02,1.787739,-1.192093E-07,1.152915,14.80957,0
35.52,1.145022,-5.960464E-08,1.435024,358.1038,0
36.00946,0.3941061,0,1.963158,2.507697,0
36.51238,0.4538316,0,2.452166,31.81229,0
37.01331,0.229231,-5.960464E-08,2.590996,34.74152,0
37.51574,0.09914076,-5.960464E-08,2.978528,56.78475,0
38.01637,-0.3912169,-5.960464E-08,3.854037,57.57316,0
38.51437,-0.6144411,-1.192093E-07,5.130686,47.09324,0
39.00284,-0.5898199,0,5.661907,47.09324,0
39.50663,-0.3133563,0,7.145059,47.09324,0
40.00705,-0.623584,-5.960464E-08,8.601789,47.09324,0
40.50978,-0.4780229,5.960464E-08,10.09941,47.09324,0
41.01261,-0.4119291,0,11.6045,47.09324,0
41.51358,-0.240178,-5.960464E-08,13.09723,47.09324,0
42.01607,-0.1342327,-5.960464E-08,14.60024,47.09324,0
42.51507,0.01842103,0,16.06243,47.09324,0
43.01631,0.494099,-5.960464E-08,17.45689,47.09324,0
43.51979,0.1444483,-5.960464E-08,18.84458,73.48525,0
44.00868,-0.5130802,0,19.82561,77.84731,0
44.50672,-0.3033683,-5.960464E-08,21.08114,77.84731,0
45.00556,1.037955,-5.960464E-08,21.61503,71.38013,0
45.50589,2.328013,-5.960464E-08,21.9897,44.29455,0
46.00683,2.757505,-1.192093E-07,21.79455,44.29455,0
46.50942,3.611768,-5.960464E-08,22.24104,33.95869,0
47.01353,3.727345,-1.192093E-07,23.63449,33.95869,0
47.5104,4.621217,-5.960464E-08,24.42018,33.95869,0
48.01151,4.729627,-5.960464E-08,25.19559,42.18579,0
48.50035,5.677114,0,25.91695,51.63646,0
49.02,5.846256,0,26.11945,21.68604,0
49.50158,5.773945,-5.960464E-08,27.59205,16.58348,0
50.00449,6.070148,0,29.06934,16.58348,0
50.5195,6.410988,0,30.56623,16.58348,0
51.01689,7.003523,0,31.84437,20.02919,0
51.5177,7.220581,-5.960464E-08,33.23376,4.140898,0
52.01906,7.18649,0,33.6533,334.2635,0
52.51932,6.18009,0,34.72578,304.2481,0
53.02,5.22901,-5.960464E-08,35.66648,275.7888,0
53.52,4.111856,-5.960464E-08,35.34319,257.5457,0
54.02,3.301533,-1.192093E-07,34.84905,231.2858,0
54.50315,3.301533,-1.192093E-07,34.84905,231.2858,0
55.01605,3.301533,-1.192093E-07,34.84905,231.2858,0
55.50885,4.173418,-5.960464E-08,33.72405,231.2858,0
56.02,4.59169,-5.960464E-08,32.37576,231.2858,0
56.51927,3.884511,0,30.9866,231.2858,0
57.01416,3.15841,-5.960464E-08,30.02484,231.2858,0
57.51384,3.094211,-5.960464E-08,29.90491,242.329,0
58.02,3.601962,0,29.78253,252.0284,0
58.51949,3.905437,0,29.06799,281.0033,0
59.02,3.51085,-5.960464E-08,27.96963,309.4617,0
59.52,2.691316,-5.960464E-08,27.30511,339.6247,0
60.02,1.925034,-1.192093E-07,26.22542,9.806919,0
60.52,0.5961325,-5.960464E-08,26.05896,39.77744,0
61.00206,0.1446759,0,27.35224,69.94939,0
61.50484,-0.1213046,-5.960464E-08,27.57628,75.81874,0
62.00594,-0.1213046,-5.960464E-08,27.57628,75.81874,0
62.5076,-0.1213046,-1.192093E-07,27.57628,75.81874,0
63.00846,-0.1213046,-1.192093E-07,27.57628,75.81874,0
63.50759,-0.1213046,-1.192093E-07,27.57628,75.81874,0
64.01161,-0.3092944,-5.960464E-08,27.76137,75.81874,0
64.50983,-0.2009404,-5.960464E-08,28.35987,75.81874,0
65.01623,0.7598433,-5.960464E-08,29.52064,75.81874,0
65.52,1.47927,-5.960464E-08,30.80544,53.45501,0
66.02,1.787299,-1.192093E-07,31.1552,40.262,0
66.50076,2.390798,-5.960464E-08,31.74288,10.11224,0
67.02,0.9586328,0,32.15667,8.480124,0
67.50268,0.220538,0,33.3119,8.480124,0
68.00705,0.06177146,-5.960464E-08,34.30785,8.480124,0
68.50368,0.1467074,0,35.72658,33.09627,0
69.00709,-0.4796044,-5.960464E-08,37.05974,42.55086,0
69.52,-0.222326,-1.192093E-07,38.44936,50.87043,0
70.02,0.5002036,-1.853704E-05,39.70625,55.83899,0
70.52,1.738865,0,40.33843,25.71958,0
71.02,1.943754,-5.960464E-08,41.07655,0.8889935,0
71.52,1.201861,-5.960464E-08,41.39042,0.8889935,0
72.02,0.4891136,0,42.13536,20.49198,0
72.52,-0.184776,-5.960464E-08,43.13427,35.53973,0
73.00221,-0.1967348,0,44.51979,53.47203,0
73.51517,0.0253164,0,44.82128,84.24744,0
74.01541,1.052096,0,45.65965,96.76129,0
74.51577,1.875885,-5.960464E-08,45.00335,119.9931,0
75.01812,1.748434,-5.960464E-08,45.15964,119.9931,0
75.52,0.7467949,0,46.17489,119.9931,0
76.02,-0.01833576,-1.192093E-07,46.95016,119.9931,0
76.52,-0.01833576,-1.192093E-07,46.95016,119.9931,0
77.02,-0.01833576,-1.192093E-07,46.95016,119.9931,0
77.52,0.0007659048,-1.192093E-07,46.98256,111.8582,0
78.02,0.3111854,0,47.49027,81.84556,0
78.52,1.513693,0,48.43059,51.75146,0
79.00099,0.9624346,0,49.4231,30.46117,0
79.50583,-0.003541902,0,50.34671,60.74965,0
80.00566,-0.2311834,-5.960464E-08,51.72828,90.7381,0
80.52,-0.5399018,-1.192093E-07,53.05243,113.9572,0
81.02,-0.5399019,-5.960464E-08,54.26455,113.9572,0
81.52,-0.4887532,0,55.436,113.9572,0
82.02,-0.4887533,0,56.54263,113.9572,0
82.52,-0.4916851,-5.960464E-08,57.74665,113.9572,0
83.02,-0.491685,-5.960464E-08,58.98016,113.9572,0
83.50074,-0.4916849,-5.960464E-08,60.25948,113.9572,0
84.02,-0.4986078,-5.960464E-08,61.56018,113.9572,0
84.50027,-0.5388204,0,62.94363,113.9572,0
85.00276,-0.2711903,-5.960464E-08,64.37315,113.9572,0
85.50471,-0.4100381,0,65.7424,113.9572,0
86.00651,-0.4863415,0,67.29465,97.66327,0
86.50673,0.7719505,0,68.1264,67.65041,0
87.00774,1.400505,0,69.35748,39.47252,0
87.52,0.2710522,0,70.11904,58.18375,0
88.02,0.00625658,5.960464E-08,71.34171,85.30463,0
88.52,-0.4475749,-1.192093E-07,72.74408,105.3038,0
89.02,-0.4735995,-5.960464E-08,73.43166,105.3038,0
89.52,-0.5373753,-5.960464E-08,74.78138,84.58609,0
90.02,-0.4529907,-5.960464E-08,75.10223,84.58609,0
90.52,-0.3426913,-1.788139E-07,75.44938,84.58609,0
91.02,-0.5199183,-5.960464E-08,76.79298,84.58609,0
91.52,0.07678449,-5.960464E-08,78.13584,84.58609,0
92.02,-0.4938585,-5.960464E-08,79.38133,84.58609,0
92.52,0.3840641,0,80.41875,84.58609,0
93.02,0.590198,-5.960464E-08,80.40654,84.58609,0
93.52,-0.07066703,0,81.28137,84.58609,0
98.51906,0.6198026,-6.431341E-05,83.963,84.58609,0
99.00843,0.6198026,-6.431341E-05,83.963,84.58609,0
99.52,0.6198026,-6.431341E-05,83.963,84.58609,0
100.02,0.8232113,-5.960464E-08,84.03657,84.58609,0
100.52,1.617657,-5.960464E-08,85.23352,84.58609,0
101.0088,0.416526,0,85.74104,85.69992,0
101.5037,-0.3754725,-5.960464E-08,86.92367,100.1843,0
102.02,-0.5039536,-1.192093E-07,88.3131,100.1843,0
102.519,0.2382133,-5.960464E-08,89.57801,100.1843,0
103.02,-0.4208452,0,90.54297,100.1843,0
103.5125,-0.4662607,0,91.91451,100.1843,0
104.02,-0.45604,-5.960464E-08,93.32239,100.1843,0
104.5074,0.4958106,0,94.50446,100.1843,0
105.02,0.4394789,-5.960464E-08,95.82289,100.1843,0
105.5168,0.2476852,-5.960464E-08,96.76411,100.1843,0
106.0138,-0.465005,-5.960464E-08,97.51855,100.1843,0
106.5018,-0.4817062,-1.192093E-07,98.7607,100.1843,0
107.0173,-0.4516237,-5.960464E-08,100.2264,100.1843,0
107.5182,0.3283315,-5.960464E-08,101.5025,100.1843,0
108.0196,1.270328,-5.960464E-08,102.7167,76.7998,0
108.5181,2.253353,0,103.6642,76.7998,0
109.02,3.53852,-5.960464E-08,104.426,76.7998,0
109.5139,4.41925,-5.960464E-08,105.407,52.45712,0
110.0082,5.010255,0,106.7518,28.85738,0
110.52,5.718003,-5.960464E-08,107.9934,5.463918,0
111.0127,5.493027,0,109.3048,344.9807,0
111.52,4.180728,-5.960464E-08,109.4356,328.9628,0
112.0064,2.799795,0,109.4492,353.8464,0
112.5011,1.469101,-5.960464E-08,109.8741,22.41858,0
113.0151,0.2640804,0,110.6319,49.22748,0
113.508,-0.4402358,0,111.8848,61.81823,0
114.0189,-0.4669507,-5.960464E-08,113.33,72.31632,0
114.5074,-0.2842778,0,114.7738,72.31632,0
115.02,-0.5427277,0,116.1049,89.81962,0
115.52,-0.505559,0,116.7167,103.172,0
116.02,0.9094952,-5.960464E-08,117.8135,128.4144,0
116.5166,2.010473,0,118.5417,132.9728,0
117.0121,3.356449,-5.960464E-08,118.2929,152.3504,0
117.5142,4.778977,-5.960464E-08,117.9484,169.378,0
118.0199,6.27888,0,117.901,173.9945,0
118.5173,7.714469,0,117.7878,181.2782,0
119.0062,8.970027,0,118.5365,155.8737,0
119.5171,10.46113,-5.960464E-08,118.36,155.8737,0
120.0174,11.7527,-5.960464E-08,117.682,155.8737,0
120.5015,13.18897,0,117.5351,147.8401,0
121.017,14.4542,0,116.6731,116.9066,0
121.5024,15.64349,0,116.7195,105.0197,0
122.02,16.60371,0,117.7299,134.0352,0
122.52,17.88328,-5.960464E-08,118.4727,141.5158,0
123.014,19.28069,0,118.2648,141.5158,0
123.5111,20.30826,-0.0004288554,117.216,171.087,0
124.0013,21.56318,0,117.5341,184.0863,0
124.5103,22.71369,0,116.6172,198.1748,0
125.02,23.08994,-5.960464E-08,115.3135,227.4489,0
125.5115,24.03083,0,114.4862,256.2699,0
126.02,24.38757,0,113.2897,270.2935,0
126.5075,23.46012,0,112.0771,241.8458,0
127.0094,22.35956,-5.960464E-08,111.2403,211.7319,0
127.52,22.55624,0,109.9518,182.5485,0
128.0076,23.73943,0,108.8539,151.8419,0
128.5115,25.18818,-5.960464E-08,108.3921,121.6123,0
129.0137,25.69283,0,107.4984,146.691,0
129.52,25.58143,-1.192093E-07,106.6578,175.8238,0
130.0083,26.32742,-0.0008034706,105.5393,206.3632,0
130.52,25.52596,0,104.2713,235.4234,0
131.0076,24.6492,0,104.4612,266.3161,0
131.5171,23.5662,0,105.2488,273.0886,0
132.02,22.41558,0,105.6317,244.2886,0
132.5156,21.27139,0,104.6168,213.181,0
133.0082,20.17346,0,103.8317,183.6251,0
133.5088,19.53137,-5.960464E-08,102.4952,180.2635,0
134.0186,20.27467,-1.192093E-07,101.2381,180.2635,0
134.5024,19.95284,0,99.87895,164.4961,0
135,19.81774,0,98.47097,146.0295,0
135.5161,19.78962,-5.960464E-08,97.08687,146.0295,0
136.0148,20.58697,-5.960464E-08,95.83608,146.0295,0
136.5015,20.64957,-1.192093E-07,95.662,146.0295,0
137.0017,20.64957,-1.192093E-07,95.662,146.0295,0
137.5039,20.64957,-1.788139E-07,95.662,146.0295,0
138.02,20.64587,-1.192093E-06,95.66534,142.6733,0
138.5193,20.64587,-0.0002556443,95.66534,142.6733,0
139.02,20.64587,-0.0003234148,95.66534,142.6733,0
139.5091,20.64587,-0.0008682609,95.66534,142.6733,0
140.02,21.4973,-0.0001880527,95.32034,142.6733,0
140.52,21.12118,-1.192093E-07,95.23378,142.6733,0
141.02,21.12118,-1.192093E-07,95.23378,142.6733,0
141.5096,21.20452,-0.0003032684,95.28587,116.9204,0
142.0013,21.5284,-5.960464E-08,96.17222,99.68361,0
142.5057,21.63708,-1.192093E-07,97.633,99.68361,0
143.02,22.49654,0,98.71639,122.1163,0
143.5073,23.3812,0,99.73814,152.9683,0
144.02,23.79128,-1.192093E-07,99.66456,164.5723,0
144.52,22.91949,-5.960464E-08,99.63004,164.5723,0
145.0077,22.15511,0,98.42486,164.5723,0
145.5188,21.71196,-1.192093E-07,97.90658,164.5723,0
146.0092,21.79719,-5.960464E-08,98.62685,164.5723,0
146.5183,21.41809,0,100.0575,134.4695,0
147.0012,22.55334,-5.960464E-08,100.7753,115.2524,0
147.5161,24.03746,-5.960464E-08,100.9005,115.2524,0
148.017,25.46235,-5.960464E-08,101.3725,115.2524,0
148.5164,26.26232,-1.192093E-07,102.4875,93.79788,0
149.0074,27.64652,-5.960464E-08,102.9132,85.46992,0
149.52,27.52348,-5.960464E-08,104.3486,64.25894,0
150.0063,28.10428,-1.192093E-07,105.6564,74.66812,0
150.5191,28.79278,-1.192093E-07,107.0229,74.66812,0
151.0006,29.29288,0,108.4003,68.22743,0
151.5109,29.56552,0,109.992,41.06395,0
152.0127,28.74719,-5.960464E-08,109.9443,41.06395,0
152.5089,27.32777,-0.0007439852,109.75,41.06395,0
153.012,26.93244,1.788139E-07,111.1137,41.06395,0
153.5033,27.89208,0,111.9452,54.23175,0
154.0086,28.24101,0,113.3571,55.83482,0
154.52,29.34483,-5.960464E-08,114.2499,80.21738,0
155.0199,28.8156,0,115.5894,80.21738,0
155.5188,29.70327,0,116.7031,84.62459,0
156.0027,30.75449,0,117.5387,113.6584,0
156.5081,32.12636,-5.960464E-08,117.9305,140.0795,0
157.02,33.45739,-5.960464E-08,118.2786,140.0795,0
157.5173,34.87289,-5.960464E-08,118.563,140.0795,0
158.0122,36.33754,0,118.4393,140.0795,0
158.52,37.72972,-5.960464E-08,118.1524,140.0795,0
161.005,44.44883,-5.960464E-08,118.6289,140.0795,0
161.5093,45.91784,0,118.5408,140.0795,0
162.0093,47.14903,-5.960464E-08,117.7236,140.0795,0
162.5111,48.29215,5.960464E-08,118.5707,140.0795,0
163.0123,49.66305,0,118.3063,156.1896,0
163.5118,50.87906,0,117.5513,186.1596,0
164.0106,50.8257,0,116.4899,215.2428,0
164.52,50.20057,0,115.4527,192.7176,0
165.0043,51.26218,0,114.382,166.356,0
165.5001,51.95488,0,113.0912,136.6033,0
166.0149,53.10286,0,112.1854,105.7159,0
166.502,53.50138,0,113.2955,83.1729,0
167.0017,53.52035,-5.960464E-08,114.6453,113.1543,0
167.5181,54.2717,-5.960464E-08,115.796,144.1357,0
168.0119,55.64161,0,115.7725,168.8754,0
168.52,56.85888,0,116.5803,149.5568,0
169.0089,58.26062,-5.960464E-08,116.4393,149.5568,0
169.5135,58.85354,-5.960464E-08,117.2177,149.5568,0
170.02,59.37327,-5.960464E-08,116.6937,149.5568,0
170.5047,60.14475,-5.960464E-08,117.8782,173.0492,0
171.0054,61.22498,-5.960464E-08,117.1593,185.8219,0
171.5004,62.62742,-5.960464E-08,116.9712,172.8727,0
172.0041,63.32328,-5.960464E-08,116.8617,172.8727,0
172.517,64.12013,-5.960464E-08,117.8905,203.4632,0
173.0165,65.38875,-5.960464E-08,118.491,206.6781,0
173.5016,66.75957,-5.960464E-08,118.5332,206.6781,0
174.0131,68.28761,-5.960464E-08,118.4277,206.6781,0
174.5167,69.7177,-5.960464E-08,118.4663,206.6781,0
175.02,70.80529,0,117.7027,206.6781,0
175.5157,72.25127,-5.960464E-08,117.3063,206.6781,0
176.0128,73.50597,0,117.5865,206.6781,0
176.5022,74.61382,-1.192093E-07,116.4819,177.6008,0
177.02,75.56681,-0.0006888509,116.1599,159.4682,0
177.5018,76.41636,5.960464E-08,117.291,181.3362,0
178.0035,77.75086,-5.960464E-08,117.57,211.206,0
178.5131,79.24752,0,117.7317,214.5344,0
179.02,80.30508,0,116.5983,185.7081,0
179.5091,81.30431,0,117.1008,170.1658,0
180.02,82.19238,0,118.0583,199.2694,0
180.52,83.48157,-5.960464E-08,118.616,229.4791,0
181.02,84.98026,0,118.4077,224.9104,0
181.52,86.34794,0,118.0831,227.1676,0
182.02,87.13917,0,116.9787,257.0164,0
182.52,86.0306,-5.960464E-08,116.3195,250.9388,0
183.0161,84.69449,0,115.6461,219.9399,0
183.5007,84.65921,0,114.4837,200.7335,0
184.019,83.36862,-5.960464E-08,114.0081,200.7335,0
184.52,82.61533,-5.960464E-08,113.2309,200.7335,0
185.02,82.01218,0,111.9566,200.7335,0
185.52,82.16293,-5.960464E-08,110.5539,200.7335,0
186.02,82.03391,0,110.3436,200.7335,0
186.5129,82.53986,-5.960464E-08,111.188,200.7335,0
187.0099,82.8867,-1.192093E-07,111.3368,200.7335,0
187.5101,82.8867,-1.192093E-07,111.3368,200.7335,0
188.0033,82.8867,-1.192093E-07,111.3368,200.7335,0
188.52,82.8867,-1.192093E-07,111.3368,200.7335,0
189.02,83.85072,0,110.6966,200.7335,0
189.5055,84.51675,0,109.2675,180.1768,0
190.0177,85.36762,-5.960464E-08,108.068,155.1274,0
190.5095,86.87907,-1.192093E-07,107.7239,129.4736,0
191.02,88.19981,0,108.0314,125.5264,0
191.5064,89.25034,0,107.8381,156.1646,0
192.0011,89.31356,-1.192093E-07,106.6751,185.8417,0
192.509,88.68476,0,105.5417,196.9511,0
193.02,88.71044,-5.960464E-08,104.1845,180.4593,0
193.5112,90.07957,0,103.7859,167.6764,0
194.0174,91.6162,0,103.7489,153.2986,0
194.52,92.9954,-5.960464E-08,104.3549,136.1873,0
195.0009,94.46912,0,104.3156,126.7887,0
195.512,95.47983,0,104.7877,126.7887,0
196.02,95.76144,-5.960464E-08,106.0865,106.242,0
196.5138,95.59928,-5.960464E-08,107.1446,91.06778,0
197.02,95.80944,0,108.404,91.06778,0
197.5175,95.50393,0,109.9101,91.06778,0
198.0198,96.14906,-5.960464E-08,111.1253,114.8365,0
198.5165,96.39005,-5.960464E-08,112.4411,144.1227,0
199.0071,97.37272,-5.960464E-08,113.3612,173.1851,0
199.5044,98.55338,0,114.3107,166.3203,0
200.0166,100.0622,-1.192093E-07,114.2867,166.3203,0
200.5064,101.491,0,114.3776,166.3203,0
201.0163,102.9286,-1.192093E-07,114.4705,166.3203,0
201.5025,104.0597,-5.960464E-08,115.2491,166.3203,0
202.0032,105.5252,0,115.558,166.3203,0
202.52,106.9233,-5.960464E-08,115.2424,166.3203,0
203.0162,108.2038,0,115.9515,162.6685,0
203.5049,108.9453,-5.960464E-08,116.4506,158.4834,0
204.0068,110.024,-5.960464E-08,117.415,158.4834,0
204.5093,111.467,0,117.744,158.4834,0
205.0111,112.8857,-5.960464E-08,118.0109,158.4834,0
205.5076,114.3615,-5.960464E-08,118.0269,158.4834,0
206.02,115.8245,0,118.103,158.4834,0
206.5145,117.3387,-5.960464E-08,117.8477,158.4834,0
207.0161,117.8304,0,116.8553,187.7844,0
207.5088,118.1941,-7.224083E-05,115.6203,194.0907,0
208.0062,118.3455,-5.960464E-08,114.1935,194.0907,0
208.508,118.4803,0,112.7044,194.0907,0
209.0101,118.2754,-1.192093E-07,111.216,194.0907,0
209.5073,118.0184,0,109.751,194.0907,0
210.0089,117.7582,0,108.2836,194.0907,0
210.52,118.102,0,106.9019,194.0907,0
211.0117,117.952,-5.960464E-08,105.3643,194.0907,0
211.5148,118.0786,0,103.8647,194.0907,0
212.0041,117.952,-5.960464E-08,102.4135,194.0907,0
212.503,118.3203,0,100.9716,194.0907,0
213.0176,118.2946,-5.960464E-08,99.44849,194.0907,0
213.5181,118.3267,-1.788139E-07,97.96708,194.0907,0
214.0071,118.0884,-5.960464E-08,96.52673,194.0907,0
214.5061,118.0463,-5.960464E-08,95.03937,194.0907,0
215.0072,118.0652,0,93.53896,194.0907,0
215.5097,117.9765,-5.960464E-08,92.03331,195.1215,0
216.0116,117.7187,-5.960464E-08,90.53705,214.7006,0
216.52,118.6303,0,89.60274,214.7006,0
217.02,118.6444,-5.960464E-08,88.17399,214.7006,0
217.5141,118.4799,0,86.64078,214.7006,0
218.011,118.0658,0,85.22289,214.7006,0
218.5187,118.0813,0,83.78566,214.7006,0
219.0076,118.5202,-5.960464E-08,82.42878,214.7006,0
219.505,117.9233,0,81.17938,214.7006,0
220.0054,117.2117,0,79.92471,192.9703,0
220.5183,116.9138,-5.960464E-08,78.58945,168.766,0
223.02,118.053,0,71.66389,213.293,0
223.5147,117.0111,0,70.58717,237.0946,0
224.0165,115.4515,-5.960464E-08,70.61672,267.2058,0
224.5034,114.1004,-5.960464E-08,71.00584,271.7583,0
225.0162,112.8267,-5.960464E-08,71.5358,241.2824,0
225.5025,111.9279,0,70.54618,212.1039,0
226.02,112.6241,-5.960464E-08,69.22807,182.6376,0
226.5027,113.6246,0,68.34677,162.3925,0
227.0086,115.1282,-5.960464E-08,68.50446,162.3925,0
227.5154,116.1079,0,67.5835,187.5222,0
228.02,117.2299,-5.960464E-08,67.06726,216.4717,0
228.52,116.385,0,66.03053,218.5468,0
229.02,116.3928,-8.624792E-05,64.73619,188.6022,0
229.5071,117.4826,0,63.85703,215.5016,0
230.02,117.3867,-5.960464E-08,62.61812,232.9689,0
230.5084,116.3914,0,61.47937,217.8539,0
231.02,116.9229,-5.960464E-08,60.23147,207.1821,0
231.5069,117.6165,-5.960464E-08,58.9175,207.1821,0
232.0198,117.5328,-1.192093E-07,57.4025,217.9901,0
232.5034,117.6063,-5.960464E-08,56.02977,230.2406,0
233.02,117.7306,-5.960464E-08,54.58906,230.2406,0
233.5013,117.8188,-5.960464E-08,53.07046,230.2406,0
234.0103,118.0637,-5.960464E-08,51.56519,230.2406,0
234.5184,118.3389,-5.960464E-08,50.06955,230.2406,0
235.0135,118.3011,-1.192093E-07,48.58512,230.2406,0
235.5112,117.8704,0,47.23462,258.5459,0
236.0036,117.4735,-5.960464E-08,45.85527,268.8315,0
236.5038,116.8801,0,44.51278,268.8315,0
237.0161,117.2304,-5.960464E-08,43.0196,268.8315,0
237.5052,117.5287,-5.960464E-08,41.6554,268.8315,0
238.02,118.4651,-5.960464E-08,40.59893,268.8315,0
238.5099,118.5028,-5.960464E-08,39.09269,268.8315,0
239.02,118.503,-5.960464E-08,37.65701,268.8315,0
239.5142,118.4912,-5.960464E-08,36.10028,268.8315,0
240.0005,118.3406,-5.960464E-08,34.66419,268.8315,0
240.5113,117.6944,-5.960464E-08,33.1921,246.9103,0
241.02,116.746,-5.960464E-08,32.10455,246.9103,0
241.512,116.5232,0,30.6124,246.9103,0
242.0101,117.2962,-5.960464E-08,29.34533,246.9103,0
242.5009,117.888,0,27.99712,246.9103,0
243.0134,117.6137,0,26.52428,246.9103,0
243.5016,118.33,-5.960464E-08,25.29175,246.9103,0
244.008,118.5329,-5.960464E-08,23.85795,246.9103,0
244.52,118.4476,0,22.41582,246.9103,0
245.0077,118.3245,0,20.89938,246.9103,0
245.52,118.2924,-5.960464E-08,19.45812,246.9103,0
246.02,118.1516,0,17.96637,246.9103,0
246.5112,117.6294,-5.960464E-08,16.56497,246.9103,0
247.0182,118.486,-5.960464E-08,16.27307,246.9103,0
247.5141,117.8417,-5.960464E-08,15.87321,257.0329,0
248.0126,116.3462,0,15.6611,286.5181,0
248.5148,116.1004,-0.0002403855,15.95107,299.5296,0
249.0016,115.739,0,16.31262,315.3939,0
249.5188,114.6757,-1.192093E-07,15.35175,315.3939,0
250.02,113.4081,0,15.80591,315.3939,0
250.52,112.1906,-9.071827E-05,16.58807,289.6309,0
251.02,111.0157,-5.960464E-08,17.41704,284.6908,0
251.506,109.5158,0,17.23101,284.6908,0
252.0168,108.5132,0,17.10084,284.6908,0
252.52,107.4055,0,16.17158,256.0208,0
253.0121,106.6337,-5.960464E-08,14.91071,225.1321,0
253.5026,107.3404,0,14.42805,195.7023,0
254.0105,108.7221,0,14.48571,187.3251,0
254.5199,110.1514,0,14.4958,188.3769,0
255.0032,111.0061,-5.960464E-08,13.43591,206.5362,0
255.5183,111.7823,-5.960464E-08,12.27832,206.5362,0
256.0038,111.6778,-5.960464E-08,10.83051,206.5362,0
256.5104,112.2016,-1.192093E-07,9.421497,193.3156,0
257.02,112.8632,0,8.194871,176.9818,0
257.5001,113.976,-5.960464E-08,7.316336,186.2164,0
258.0092,113.921,0,5.851047,162.0944,0
258.5163,114.7677,-5.960464E-08,4.656136,131.6716,0
259.0004,115.0264,0,4.454982,102.6244,0
259.512,115.55,0,5.598524,83.25098,0
260.02,115.7685,-1.192093E-07,6.877267,112.4116,0
260.5155,116.9647,-1.192093E-07,7.500958,143.4585,0
261.0014,117.2095,0,7.011299,172.6148,0
261.5046,118.052,-5.960464E-08,6.17281,202.7825,0
262.0076,118.6116,0,4.934165,222.119,0
262.52,118.565,-5.960464E-08,3.664821,249.5042,0
263.0177,118.451,0,2.178835,268.11,0
263.52,117.9356,0,0.9181269,268.11,0
264.0115,117.4544,0,1.003373,284.0139,0
264.5125,117.7209,-5.960464E-08,2.101176,284.0139,0
265.02,117.7209,-1.192093E-07,2.101176,284.0139,0
265.5012,117.7209,-1.192093E-07,2.101176,284.0139,0
266.0176,117.7209,-1.192093E-07,2.101176,284.0139,0
266.5186,117.7209,-1.192093E-07,2.101176,284.0139,0
267.009,118.0918,-5.960464E-08,1.538575,284.0139,0
267.5077,117.274,-5.960464E-08,1.161127,284.0139,0
268.0084,117.274,-1.192093E-07,1.161127,284.0139,0
268.52,117.274,-1.192093E-07,1.161127,284.0139,0
269.02,117.1489,-1.192093E-07,0.8189368,284.0139,0
269.5109,116.9685,-5.960464E-08,0.9328635,284.0139,0
270.012,116.9685,-1.192093E-07,0.9328635,284.0139,0
270.5148,116.9685,-1.192093E-07,0.9328635,284.0139,0
271.0126,117.1881,-1.192093E-07,0.9675626,284.0139,0
271.5154,117.1881,-1.788139E-07,0.9675626,284.0139,0
272.0073,117.1881,-0.0007978082,0.9675626,284.0139,0
272.5024,117.1881,-0.0007978082,0.9675626,284.0139,0
273.019,117.1881,-0.0007978082,0.9675626,284.0139,0
273.5052,117.1881,-0.0007978082,0.9675626,284.0139,0
274.0066,117.1881,-0.0007978082,0.9675626,284.0139,0
274.5067,117.1881,-0.0007978082,0.9675626,284.0139,0
275.02,117.1881,-0.0007978082,0.9675626,284.0139,0
275.52,117.1881,-0.0007978082,0.9675626,284.0139,0
276.02,117.1881,-0.0007978082,0.9675626,284.0139,0
276.5161,117.1881,-0.0007978082,0.9675626,284.0139,0
277.0161,117.1881,-0.0007978082,0.9675626,284.0139,0
277.5047,117.1881,-0.0007978082,0.9675626,284.0139,0
278.0033,117.6197,-5.960464E-08,1.867138,284.0139,0
278.5179,118.1718,0,3.265696,284.0139,0
279.02,118.2743,-5.960464E-08,4.666579,283.1457,0
279.5058,117.8246,-1.192093E-07,6.022886,262.9593,0
280.007,116.9322,-1.192093E-07,7.02236,233.1679,0
280.52,116.6301,5.960464E-08,6.091511,218.8324,0
281.0174,116.0524,5.960464E-08,4.73838,245.2604,0
281.5095,115.0354,0,5.01898,274.7857,0
282.015,114.5233,0,4.470463,290.7774,0
282.5168,113.4954,0,5.379461,268.1116,0
284.509,111.9442,-5.960464E-08,0.6279604,246.9525,0
285.0013,111.0959,0,0.9731673,264.4793,0
285.5182,110.4244,0,0.294273,264.4793,0
286.0059,109.2706,0,0.9423504,249.2637,0
286.52,108.0158,-5.960464E-08,1.092132,243.8916,0
287.02,106.7273,0,0.3947754,259.7024,0
287.52,105.4018,0,-0.205992,260.9277,0
288.0157,103.8489,0,-0.004397508,287.2034,0
288.5141,102.3995,-5.960464E-08,0.4081534,316.6446,0
289.02,101.0068,-1.192093E-07,0.5473375,324.8954,0
289.5163,99.591,-5.960464E-08,0.9038083,324.8954,0
290.0039,98.56238,5.960464E-08,1.94079,324.8954,0
290.5061,97.54789,-5.960464E-08,3.019225,324.8954,0
291.0069,96.96008,0,3.347824,324.8954,0
291.5089,95.60754,0,3.510442,329.1989,0
292.0096,94.55925,0,4.379992,359.2355,0
292.5115,93.97652,-5.960464E-08,5.764246,5.297172,0
293.0123,93.75378,-5.960464E-08,7.242559,5.297172,0
293.512,93.59849,-5.960464E-08,8.727072,2.374519,0
294.0125,93.70699,0,10.1764,342.6174,0
294.5145,93.35011,0,11.54891,315.1045,0
295.0006,93.16709,-5.960464E-08,12.99187,315.1045,0
295.5037,93.08073,-5.960464E-08,14.42599,303.222,0
296.0078,92.90649,-1.192093E-07,15.87716,295.3121,0
296.5055,93.46935,-1.192093E-07,17.17602,304.5938,0
297.0073,92.9912,0,17.83681,304.5938,0
297.5093,92.37174,-5.960464E-08,19.07454,301.9986,0
298.0107,91.83996,0,20.28139,280.2659,0
298.5098,90.8923,-1.192093E-07,21.12179,250.3167,0
299.02,89.82762,-5.960464E-08,21.48314,244.16,0
299.5101,90.01766,-5.960464E-08,22.83472,244.16,0
300.02,89.65504,-5.960464E-08,23.92095,244.16,0
300.5136,91.10513,-0.0003271103,24.34693,255.047,0
301.0147,91.84615,-9.948015E-05,23.276,285.1105,0
301.5148,92.41879,0,23.31552,315.1172,0
302.0169,93.81808,0,23.67821,344.4438,0
302.5187,93.85551,-5.960464E-08,22.20799,348.822,0
303.02,94.26696,-5.960464E-08,20.85202,348.822,0
303.52,95.13575,-5.960464E-08,20.08514,348.822,0
304.02,95.40782,0,18.82518,12.11411,0
304.52,95.36977,0,17.39092,39.79672,0
305.0156,95.69952,-5.960464E-08,15.97265,62.60892,0
305.503,96.53053,0,14.82813,62.60892,0
306.0169,97.84412,0,14.86739,54.76887,0
306.52,99.22067,-5.960464E-08,14.77516,46.77301,0
307.0105,100.6345,-5.960464E-08,14.36324,39.09503,0
307.5008,100.8355,0,14.98021,9.682434,0
308.0169,100.5768,0,14.99879,356.394,0
308.52,101.2753,0,15.0803,356.394,0
309.02,100.6962,0,15.96391,356.394,0
309.5009,99.28134,-5.960464E-08,15.77779,356.394,0
310.0035,98.46786,0,16.93541,356.394,0
310.52,98.49435,-0.0002495646,18.43461,10.01694,0
311.02,98.76212,-1.192093E-07,19.69452,5.90549,0
311.52,99.40522,0,20.91549,341.8082,0
312.001,100.6161,0,21.58681,340.4805,0
312.52,102.0409,-5.960464E-08,21.2319,340.4805,0
313.0169,102.36,-5.960464E-08,19.72633,340.4805,0
313.5146,101.7517,-5.960464E-08,18.40693,340.4805,0
314.0025,101.0698,0,17.58982,8.128673,0
314.5039,101.1786,0,17.53917,9.627908,0
315.002,99.76107,-5.960464E-08,17.97351,9.627908,0
315.5191,99.14143,0,17.69102,9.627908,0
316.0081,99.16367,-5.960464E-08,17.23891,9.627908,0
316.52,100.18,-8.761883E-06,16.32846,355.2733,0
317.02,101.6484,-5.960464E-08,16.37878,354.2365,0
317.5115,103.1237,0,16.14895,346.3376,0
318.0116,104.5646,-1.192093E-07,15.74424,346.3376,0
318.519,105.9984,0,16.04281,339.1606,0
319.0067,107.0411,0,16.90656,337.5184,0
319.5193,106.9403,-5.960464E-08,18.30204,328.4502,0
320.0036,108.2877,0,18.76887,333.2721,0
320.5192,109.2384,-5.960464E-08,18.07042,354.1007,0
321.011,110.6738,-5.960464E-08,17.66756,6.368499,0
321.52,111.8779,-5.960464E-08,17.19006,14.81177,0
322.0157,113.2553,-5.960464E-08,16.65952,357.6509,0
322.5089,114.6081,0,16.06088,357.6509,0
323.0028,115.9327,0,15.90759,336.6244,0
323.52,116.934,0,16.79946,310.0464,0
324,117.6141,0,18.11344,305.6111,0
324.5166,117.5055,0,19.47843,276.3985,0
325.0061,117.4466,-5.960464E-08,20.91381,275.3685,0
325.52,116.3065,0,21.55738,275.3685,0
326.02,114.9175,0,21.5301,275.3685,0
326.52,113.5131,-0.0006552339,21.12596,275.3685,0
327.02,112.1251,-5.960464E-08,21.67594,275.3685,0
327.52,110.8615,0,22.38641,275.3685,0
328.02,109.5475,-5.960464E-08,22.95859,275.3685,0
328.52,108.5557,-1.192093E-07,24.05506,275.3685,0
329.02,107.3897,-5.960464E-08,24.9658,275.3685,0
329.5027,106.0322,-5.960464E-08,25.34099,275.3685,0
330.002,104.5405,-1.323223E-05,25.45206,275.3685,0
330.5019,103.045,-5.960464E-08,25.44053,275.3685,0
331.0036,101.5756,-5.960464E-08,25.42448,267.406,0
331.52,100.2915,-5.960464E-08,26.10239,267.406,0
332.0197,98.81748,-5.960464E-08,26.61667,267.406,0
332.5096,97.5483,-5.960464E-08,27.34356,267.406,0
333.0095,96.13927,0,27.44254,244.9524,0
333.506,94.74313,-5.960464E-08,27.04514,244.9524,0
334.0177,93.54908,0,26.11204,245.0621,0
334.5073,92.08458,0,26.07774,261.2179,0
335.02,90.82575,0,26.5902,261.2179,0
335.52,89.50422,0,27.18577,261.2179,0
336.0168,88.00399,0,27.53968,261.2179,0
336.5064,86.57923,-0.0003349781,27.76466,261.2179,0
337.0031,85.21308,-5.960464E-08,28.30002,261.2179,0
337.5032,83.94202,-5.960464E-08,29.00988,261.2179,0
338.0175,82.6144,-5.960464E-08,29.70671,251.8423,0
338.5197,81.15555,0,29.78768,251.8423,0
339.0135,80.29091,0,29.22398,251.8423,0
339.5086,79.07574,-5.960464E-08,29.58532,251.8423,0
340.0097,77.65555,-5.960464E-08,29.66124,251.8423,0
340.52,76.55873,-1.192093E-07,29.03995,251.8423,0
341.0121,75.64392,-5.960464E-08,27.90392,255.1504,0
341.52,74.35595,-5.960464E-08,28.61593,266.6422,0
342.0153,72.8683,0,28.56757,266.6422,0
342.5025,71.79221,0,29.53342,266.6422,0
343.0166,70.3443,-5.960464E-08,29.39874,248.5202,0
343.5036,68.98643,-0.0009076595,29.91934,248.5202,0
344.0051,68.03027,-5.960464E-08,29.20981,225.8328,0
359.0116,69.92043,-1.788139E-07,25.77474,225.8328,-1
359.5009,69.92043,-1.788139E-07,25.77474,225.8328,-1
360.0167,69.92043,-1.788139E-07,25.77474,225.8328,-1
360.5199,69.92043,-1.788139E-07,25.77474,225.8328,-1
361.0024,69.92043,-1.788139E-07,25.77474,225.8328,-1
361.5158,69.92043,-1.788139E-07,25.77474,225.8328,-1
362.0023,69.92043,-1.788139E-07,25.77474,225.8328,-1
362.5093,69.92043,-1.788139E-07,25.77474,225.8328,-1
363.0126,69.92043,-1.788139E-07,25.77474,225.8328,-1
363.506,69.92043,-0.0006871223,25.77474,225.8328,-1
364.02,69.92043,-0.0006871223,25.77474,225.8328,-1
364.505,69.27564,-1.192093E-07,24.82751,225.8328,-1
365.0105,68.61195,-5.960464E-08,23.59862,234.2184,-1
365.52,67.76667,-5.960464E-08,22.45375,237.3631,-1
366.0085,66.60604,0,21.53816,217.1052,-1
366.52,66.61115,-1.192093E-07,20.80259,200.9818,-1
367.0112,67.35267,-1.192093E-07,19.71099,195.0371,-1
367.52,67.80714,-5.960464E-08,18.49221,201.225,-1
368.0061,68.36569,-5.960464E-08,17.24944,204.7883,-1
368.5189,69.26978,-5.960464E-08,16.81037,204.7883,-1
369.0069,70.65816,-5.960464E-08,16.60307,204.7883,-1
369.5085,71.38158,-5.960464E-08,15.5295,214.739,-1
370.0053,71.53033,-5.960464E-08,14.09861,214.739,-1
370.52,71.84845,0,12.58847,214.739,-1
371.02,72.61606,0,11.39016,198.1749,-1
371.5129,73.29644,0,10.35058,196.9681,-1
372.0062,74.69649,5.960464E-08,10.57909,184.2219,-1
372.5174,75.9709,-1.192093E-07,10.1294,192.7638,-1
373.02,76.98224,0,9.368752,221.4155,-1
373.5031,77.71609,-5.960464E-08,8.159061,246.6698,-1
374.0132,78.49586,-1.192093E-07,6.885876,246.6698,-1
374.52,78.47175,0,5.486283,246.6698,-1
375.0085,78.24475,-5.960464E-08,3.96915,246.6698,-1
375.5014,77.90554,-5.960464E-08,2.529955,246.6698,-1
376.0172,77.52276,0,1.057755,251.0692,-1
376.5015,76.2421,-5.960464E-08,0.6538181,280.1294,-1
377.0131,75.20821,0,-0.1946771,310.8217,-1
377.5149,73.80863,0,-0.07637452,340.9303,-1
378.0188,72.47322,0,-0.288636,10.3033,-1
378.5182,71.02682,-5.960464E-08,-0.1398853,357.8259,-1
379.0192,69.73259,-5.960464E-08,-0.4591778,7.742824,-1
379.5197,68.41406,0,-0.4591779,7.742824,-1
380.0056,67.12557,-5.960464E-08,-0.4591781,7.742824,-1
380.5022,65.79491,-5.960464E-08,-0.4591785,7.742824,-1
381.02,64.46793,-5.960464E-08,-0.4591789,7.742824,-1
381.5106,63.06256,-5.960464E-08,-0.4591797,7.742824,-1
382.0117,61.65939,0,-0.4591794,7.742824,-1
382.5147,60.19557,-5.960464E-08,-0.4964573,7.742824,-1
383.0154,58.95046,0,0.302303,9.742324,-1
383.5134,58.55855,0,1.527787,35.52082,-1
384.0161,59.63545,-5.960464E-08,1.97416,41.96352,-1
384.5171,60.9567,0,2.491718,19.1813,-1
385.0072,61.76583,-5.960464E-08,3.40091,17.6291,-1
385.5197,61.76489,-0.0009592175,3.402647,17.6291,-1
386.0197,61.78764,-1.192093E-07,3.884835,17.6291,-1
386.52,61.1107,0,5.044842,17.6291,-1
387.0096,59.69684,0,5.764047,3.136668,-1
387.5049,59.40023,0,7.090314,356.5401,-1
388.02,57.99966,0,7.527607,327.0646,-1
388.503,57.93318,0,6.113935,318.84,-1
389.0112,58.40113,-5.960464E-08,4.622933,298.5111,-1
389.5125,57.26932,-5.960464E-08,4.084421,316.3724,-1
390.02,56.93357,0,3.397687,316.3724,-1
390.503,55.82132,0,2.575035,316.3724,-1
391.0181,54.89173,0,1.447181,316.3724,-1
391.519,54.14968,0,0.4701157,316.3724,-1
392.0078,52.73003,-5.960464E-08,0.6091212,332.5168,-1
392.52,51.55468,0,1.443354,339.7829,-1
393.0124,50.36496,-5.960464E-08,2.305303,352.2624,-1
393.5128,49.97031,-5.960464E-08,3.719934,352.2624,-1
394.0008,49.24617,0,4.975935,347.4587,-1
394.52,48.16266,0,5.362532,329.3096,-1
395.0005,46.94121,-5.960464E-08,5.143792,329.3096,-1
395.5012,46.4293,-5.960464E-08,6.566923,347.3889,-1
396.0037,45.95507,0,7.990834,341.8315,-1
396.5044,45.48005,0,9.375253,329.3668,-1
397.0062,44.67251,-1.788139E-07,10.26409,327.7985,-1
397.5085,43.82851,0,11.26743,343.9628,-1
398.02,42.82166,0,12.18623,343.9628,-1
398.52,41.809,-5.960464E-08,13.25428,343.9628,-1
399.02,40.81431,0,14.32076,2.662553,-1
399.5154,40.43659,-5.960464E-08,15.78746,25.12542,-1
400.0106,40.09742,-5.960464E-08,17.17323,25.12542,-1
400.5143,40.53342,5.960464E-08,18.60631,44.08335,-1
401.0126,41.07957,-5.960464E-08,19.92766,44.08335,-1
401.5017,41.30478,-1.192093E-07,21.01075,44.08335,-1
402.0038,41.30478,-1.192093E-07,21.01075,44.08335,-1
402.5196,41.30478,-1.192093E-07,21.01075,44.08335,-1
403.0117,41.30478,-1.192093E-07,21.01075,44.08335,-1
403.5055,41.39927,-5.960464E-08,21.33486,44.08335,-1
404.0072,41.26081,0,22.90674,16.11949,-1
404.52,41.40354,-5.960464E-08,22.42468,3.486091,-1
405.0101,40.12648,0,21.66904,341.729,-1
405.52,38.76229,-5.960464E-08,21.39864,341.729,-1
406.0109,37.54385,-5.960464E-08,20.65183,341.729,-1
406.52,36.25456,-5.960464E-08,20.25443,3.037998,-1
407.0068,34.99754,-5.960464E-08,19.61671,3.037998,-1
407.5158,33.6767,-5.960464E-08,20.03791,30.07416,-1
408.004,32.58015,-5.960464E-08,20.90536,44.09996,-1
408.505,33.30724,-5.960464E-08,21.60462,65.37763,-1
409.02,34.0511,-5.960464E-08,22.76337,73.35135,-1
409.52,34.15592,-1.192093E-07,22.91519,73.35135,-1
410.0092,35.07765,-5.960464E-08,23.57628,73.35135,-1
410.52,35.74878,-1.192093E-07,23.68784,73.35135,-1
411.0181,35.74878,-0.0008829236,23.68784,73.35135,-1
411.5034,35.74878,-0.0008829236,23.68784,73.35135,-1
412.02,35.74878,-0.0008829236,23.68784,73.35135,-1
412.52,35.74878,-0.0008829236,23.68784,73.35135,-1
413.0158,35.74878,-0.0009511113,23.68784,73.35135,-1
413.513,35.74878,-0.0009511113,23.68784,73.35135,-1
414.0041,35.74878,-0.0009511113,23.68784,73.35135,-1
414.504,35.74878,-0.0009511113,23.68784,73.35135,-1
415.0112,35.74878,-0.0009511113,23.68784,73.35135,-1
415.5142,35.74878,-0.0009511113,23.68784,73.35135,-1
416.0124,35.74878,-0.0009511113,23.68784,73.35135,-1
416.5091,35.74878,-0.0009511113,23.68784,73.35135,-1
417.0134,35.74878,-0.0009511113,23.68784,73.35135,-1
417.5121,35.74878,-0.0009511113,23.68784,73.35135,-1
418.004,35.74878,-0.0009511113,23.68784,73.35135,-1
418.5112,35.74878,-0.0009511113,23.68784,73.35135,-1
